{"cameraMode":{"drawMode":0,"name":"Shaded","section":"Shading Mode"},"sceneLighting":false,"audioPlay":false,"sceneViewState":{"m_AlwaysRefresh":false,"showFog":true,"showSkybox":false,"showFlares":true,"showImageEffects":true,"showParticleSystems":true,"showVisualEffectGraphs":true,"m_FxEnabled":false},"in2DMode":false,"pivot":{"x":2.9335248470306398,"y":10.32304573059082,"z":0.18862485885620118},"rotation":{"x":0.10011044144630432,"y":0.14719465374946595,"z":-0.014976638369262219,"w":0.9839150309562683},"size":5.237366676330566,"orthographic":true}