{"cameraMode":{"drawMode":0,"name":"Shaded","section":"Shading Mode"},"sceneLighting":false,"audioPlay":false,"sceneViewState":{"m_AlwaysRefresh":false,"showFog":true,"showSkybox":false,"showFlares":true,"showImageEffects":true,"showParticleSystems":true,"showVisualEffectGraphs":true,"m_FxEnabled":false},"in2DMode":false,"pivot":{"x":2.1558756828308107,"y":10.94942855834961,"z":0.5619239807128906},"rotation":{"x":0.10011044144630432,"y":0.14719465374946595,"z":-0.014976638369262219,"w":0.9839150309562683},"size":5.4913716316223148,"orthographic":true}