{"cameraMode":{"drawMode":0,"name":"Shaded","section":"Shading Mode"},"sceneLighting":true,"audioPlay":false,"sceneViewState":{"m_AlwaysRefresh":false,"showFog":true,"showSkybox":true,"showFlares":true,"showImageEffects":true,"showParticleSystems":true,"showVisualEffectGraphs":true,"m_FxEnabled":true},"in2DMode":false,"pivot":{"x":-27.26385498046875,"y":-10.415390014648438,"z":21.12419891357422},"rotation":{"x":0.18197667598724366,"y":-0.44292065501213076,"z":0.09232354164123535,"w":0.8730307221412659},"size":18.401790618896486,"orthographic":false}