{"cameraMode":{"drawMode":0,"name":"Shaded","section":"Shading Mode"},"sceneLighting":false,"audioPlay":false,"sceneViewState":{"m_AlwaysRefresh":false,"showFog":true,"showSkybox":false,"showFlares":true,"showImageEffects":true,"showParticleSystems":true,"showVisualEffectGraphs":true,"m_FxEnabled":false},"in2DMode":false,"pivot":{"x":0.8468842506408691,"y":10.758666038513184,"z":0.9238338470458984},"rotation":{"x":0.10011044144630432,"y":0.14719465374946595,"z":-0.014976638369262219,"w":0.9839150309562683},"size":6.849571704864502,"orthographic":true}