{"cameraMode":{"drawMode":0,"name":"Shaded","section":"Shading Mode"},"sceneLighting":false,"audioPlay":false,"sceneViewState":{"m_AlwaysRefresh":false,"showFog":true,"showSkybox":false,"showFlares":true,"showImageEffects":true,"showParticleSystems":true,"showVisualEffectGraphs":true,"m_FxEnabled":false},"in2DMode":false,"pivot":{"x":1.457768201828003,"y":8.87889289855957,"z":0.35141944885253909},"rotation":{"x":0.10011044144630432,"y":0.14719465374946595,"z":-0.014976638369262219,"w":0.9839150309562683},"size":5.470352649688721,"orthographic":true}